Workbook

Sheet P6_Export
A1: Activity ID | B1: Activity Name | C1: Original Duration (days) | D1: Predecessors
A2: A1000 | B2: MEP & E&I Installation | C2: 40 | F2: ← 範例資料：貼上你自己的 P6 匯出時請整批覆蓋（從 A2 開始貼）
A3: A1010 | B3: L3 Power Distribution PFT | C3: 8 | D3: A1000
A4: A1020 | B4: L3 Cooling Systems PFT | C4: 8 | D4: A1000
A5: A1030 | B5: L4 Power Distribution FPT | C5: 12 | D5: A1010
A6: A1040 | B6: L4 Cooling Systems FPT | C6: 15 | D6: A1020
A7: M1000 | B7: Ready for IST (Milestone) | C7: 0 | D7: A1030, A1040
A8: A1050 | B8: L5 Integrated Systems Test | C8: 20 | D8: M1000

Sheet Activities
A1: id | B1: name | C1: predecessors | D1: dist_type | E1: param_a | F1: param_m | G1: param_b | H1: param_mu | I1: param_sigma | J1: deterministic_duration
A2: =IF(TRIM(P6_Export!A2)="","",TRIM(P6_Export!A2)) -> A1000 | B2: =IF($A2="","",P6_Export!B2) -> MEP & E&I Installation | C2: =IF($A2="","",SUBSTITUTE(SUBSTITUTE(TRIM(P6_Export!D2)," ",""),",",";")) | D2: =IF($A2="","",IF(P6_Export!$C2=0,"deterministic","triangular")) -> triangular | E2: =IF($A2="","",IF($D2="deterministic",0,ROUND(P6_Export!$C2*說明!$C$22,1))) -> 36 | F2: =IF($A2="","",P6_Export!$C2) -> 40 | G2: =IF($A2="","",IF($D2="deterministic",0,ROUND(P6_Export!$C2*說明!$C$23,1))) -> 52
A3: =IF(TRIM(P6_Export!A3)="","",TRIM(P6_Export!A3)) -> A1010 | B3: =IF($A3="","",P6_Export!B3) -> L3 Power Distribution PFT | C3: =IF($A3="","",SUBSTITUTE(SUBSTITUTE(TRIM(P6_Export!D3)," ",""),",",";")) -> A1000 | D3: =IF($A3="","",IF(P6_Export!$C3=0,"deterministic","triangular")) -> triangular | E3: =IF($A3="","",IF($D3="deterministic",0,ROUND(P6_Export!$C3*說明!$C$22,1))) -> 7.2 | F3: =IF($A3="","",P6_Export!$C3) -> 8 | G3: =IF($A3="","",IF($D3="deterministic",0,ROUND(P6_Export!$C3*說明!$C$23,1))) -> 10.4
A4: =IF(TRIM(P6_Export!A4)="","",TRIM(P6_Export!A4)) -> A1020 | B4: =IF($A4="","",P6_Export!B4) -> L3 Cooling Systems PFT | C4: =IF($A4="","",SUBSTITUTE(SUBSTITUTE(TRIM(P6_Export!D4)," ",""),",",";")) -> A1000 | D4: =IF($A4="","",IF(P6_Export!$C4=0,"deterministic","triangular")) -> triangular | E4: =IF($A4="","",IF($D4="deterministic",0,ROUND(P6_Export!$C4*說明!$C$22,1))) -> 7.2 | F4: =IF($A4="","",P6_Export!$C4) -> 8 | G4: =IF($A4="","",IF($D4="deterministic",0,ROUND(P6_Export!$C4*說明!$C$23,1))) -> 10.4
A5: =IF(TRIM(P6_Export!A5)="","",TRIM(P6_Export!A5)) -> A1030 | B5: =IF($A5="","",P6_Export!B5) -> L4 Power Distribution FPT | C5: =IF($A5="","",SUBSTITUTE(SUBSTITUTE(TRIM(P6_Export!D5)," ",""),",",";")) -> A1010 | D5: =IF($A5="","",IF(P6_Export!$C5=0,"deterministic","triangular")) -> triangular | E5: =IF($A5="","",IF($D5="deterministic",0,ROUND(P6_Export!$C5*說明!$C$22,1))) -> 10.8 | F5: =IF($A5="","",P6_Export!$C5) -> 12 | G5: =IF($A5="","",IF($D5="deterministic",0,ROUND(P6_Export!$C5*說明!$C$23,1))) -> 15.6
A6: =IF(TRIM(P6_Export!A6)="","",TRIM(P6_Export!A6)) -> A1040 | B6: =IF($A6="","",P6_Export!B6) -> L4 Cooling Systems FPT | C6: =IF($A6="","",SUBSTITUTE(SUBSTITUTE(TRIM(P6_Export!D6)," ",""),",",";")) -> A1020 | D6: =IF($A6="","",IF(P6_Export!$C6=0,"deterministic","triangular")) -> triangular | E6: =IF($A6="","",IF($D6="deterministic",0,ROUND(P6_Export!$C6*說明!$C$22,1))) -> 13.5 | F6: =IF($A6="","",P6_Export!$C6) -> 15 | G6: =IF($A6="","",IF($D6="deterministic",0,ROUND(P6_Export!$C6*說明!$C$23,1))) -> 19.5
A7: =IF(TRIM(P6_Export!A7)="","",TRIM(P6_Export!A7)) -> M1000 | B7: =IF($A7="","",P6_Export!B7) -> Ready for IST (Milestone) | C7: =IF($A7="","",SUBSTITUTE(SUBSTITUTE(TRIM(P6_Export!D7)," ",""),",",";")) -> A1030;A1040 | D7: =IF($A7="","",IF(P6_Export!$C7=0,"deterministic","triangular")) -> deterministic | E7: =IF($A7="","",IF($D7="deterministic",0,ROUND(P6_Export!$C7*說明!$C$22,1))) -> 0 | F7: =IF($A7="","",P6_Export!$C7) -> 0 | G7: =IF($A7="","",IF($D7="deterministic",0,ROUND(P6_Export!$C7*說明!$C$23,1))) -> 0
A8: =IF(TRIM(P6_Export!A8)="","",TRIM(P6_Export!A8)) -> A1050 | B8: =IF($A8="","",P6_Export!B8) -> L5 Integrated Systems Test | C8: =IF($A8="","",SUBSTITUTE(SUBSTITUTE(TRIM(P6_Export!D8)," ",""),",",";")) -> M1000 | D8: =IF($A8="","",IF(P6_Export!$C8=0,"deterministic","triangular")) -> triangular | E8: =IF($A8="","",IF($D8="deterministic",0,ROUND(P6_Export!$C8*說明!$C$22,1))) -> 18 | F8: =IF($A8="","",P6_Export!$C8) -> 20 | G8: =IF($A8="","",IF($D8="deterministic",0,ROUND(P6_Export!$C8*說明!$C$23,1))) -> 26
A9: =IF(TRIM(P6_Export!A9)="","",TRIM(P6_Export!A9)) | B9: =IF($A9="","",P6_Export!B9) | C9: =IF($A9="","",SUBSTITUTE(SUBSTITUTE(TRIM(P6_Export!D9)," ",""),",",";")) | D9: =IF($A9="","",IF(P6_Export!$C9=0,"deterministic","triangular")) | E9: =IF($A9="","",IF($D9="deterministic",0,ROUND(P6_Export!$C9*說明!$C$22,1))) | F9: =IF($A9="","",P6_Export!$C9) | G9: =IF($A9="","",IF($D9="deterministic",0,ROUND(P6_Export!$C9*說明!$C$23,1)))
A10: =IF(TRIM(P6_Export!A10)="","",TRIM(P6_Export!A10)) | B10: =IF($A10="","",P6_Export!B10) | C10: =IF($A10="","",SUBSTITUTE(SUBSTITUTE(TRIM(P6_Export!D10)," ",""),",",";")) | D10: =IF($A10="","",IF(P6_Export!$C10=0,"deterministic","triangular")) | E10: =IF($A10="","",IF($D10="deterministic",0,ROUND(P6_Export!$C10*說明!$C$22,1))) | F10: =IF($A10="","",P6_Export!$C10) | G10: =IF($A10="","",IF($D10="deterministic",0,ROUND(P6_Export!$C10*說明!$C$23,1)))
A11: =IF(TRIM(P6_Export!A11)="","",TRIM(P6_Export!A11)) | B11: =IF($A11="","",P6_Export!B11) | C11: =IF($A11="","",SUBSTITUTE(SUBSTITUTE(TRIM(P6_Export!D11)," ",""),",",";")) | D11: =IF($A11="","",IF(P6_Export!$C11=0,"deterministic","triangular")) | E11: =IF($A11="","",IF($D11="deterministic",0,ROUND(P6_Export!$C11*說明!$C$22,1))) | F11: =IF($A11="","",P6_Export!$C11) | G11: =IF($A11="","",IF($D11="deterministic",0,ROUND(P6_Export!$C11*說明!$C$23,1)))
A12: =IF(TRIM(P6_Export!A12)="","",TRIM(P6_Export!A12)) | B12: =IF($A12="","",P6_Export!B12) | C12: =IF($A12="","",SUBSTITUTE(SUBSTITUTE(TRIM(P6_Export!D12)," ",""),",",";")) | D12: =IF($A12="","",IF(P6_Export!$C12=0,"deterministic","triangular")) | E12: =IF($A12="","",IF($D12="deterministic",0,ROUND(P6_Export!$C12*說明!$C$22,1))) | F12: =IF($A12="","",P6_Export!$C12) | G12: =IF($A12="","",IF($D12="deterministic",0,ROUND(P6_Export!$C12*說明!$C$23,1)))
A13: =IF(TRIM(P6_Export!A13)="","",TRIM(P6_Export!A13)) | B13: =IF($A13="","",P6_Export!B13) | C13: =IF($A13="","",SUBSTITUTE(SUBSTITUTE(TRIM(P6_Export!D13)," ",""),",",";")) | D13: =IF($A13="","",IF(P6_Export!$C13=0,"deterministic","triangular")) | E13: =IF($A13="","",IF($D13="deterministic",0,ROUND(P6_Export!$C13*說明!$C$22,1))) | F13: =IF($A13="","",P6_Export!$C13) | G13: =IF($A13="","",IF($D13="deterministic",0,ROUND(P6_Export!$C13*說明!$C$23,1)))
... A301: =IF(TRIM(P6_Export!A301)="","",TRIM(P6_Export!A301)) | B301: =IF($A301="","",P6_Export!B301) | C301: =IF($A301="","",SUBSTITUTE(SUBSTITUTE(TRIM(P6_Export!D301)," ",""),",",";")) | D301: =IF($A301="","",IF(P6_Export!$C301=0,"deterministic","triangular")) | E301: =IF($A301="","",IF($D301="deterministic",0,ROUND(P6_Export!$C301*說明!$C$22,1))) | F301: =IF($A301="","",P6_Export!$C301) | G301: =IF($A301="","",IF($D301="deterministic",0,ROUND(P6_Export!$C301*說明!$C$23,1)))

Sheet RiskDrivers
A1: id | B1: name | C1: probability | D1: impact_type | E1: impact_a | F1: impact_b | G1: impact_m | H1: assigned_activities
A2: RD-001 | B2: Vendor Equipment Delay | C2: 0.35 | D2: triangular | E2: 1 | F2: 1.4 | G2: 1.15 | H2: A1010;A1020
A3: RD-002 | B3: Commissioning Staff Availability | C3: 0.25 | D3: triangular | E3: 1 | F3: 1.3 | G3: 1.1 | H3: A1030;A1040;A1050

Sheet 說明
B2: Converge P6 匯入範本 — 使用說明
B4: ■ 操作步驟（你只需要碰 P6_Export 和 RiskDrivers 兩張表）
B5: 1. 從 P6 匯出 Excel，整理成四欄：Activity ID、Activity Name、Original Duration、Predecessors。
B6: 2. 貼到 P6_Export 工作表（從 A2 開始，覆蓋範例資料）。Activities 表會全部自動產生，不要手動改它。
B7: 3. 檢查 Predecessors：本範本自動把逗號轉成分號、移除空格。若 P6 匯出含 lag 或 SS（如「A1000: FS+5d」），
B8: 請在 P6_Export 中手動改成 Converge 格式：A1000:FS:5（FS 加 5 天 lag）、A1000:SS:3（SS 加 3 天 lag）。
B9: 4. 在 RiskDrivers 表填風險驅動因子（這是 QRA 的核心輸入，P6 沒有的資訊）。
B10: 5. 存檔 → 開 Converge App → Data Input 分頁 → Import Activities / Import Risk Drivers，選這個檔案。
B12: ■ dist_type 是什麼？（P6 沒有這個欄位，這是正常的）
B13: 它是「工期不確定性的形狀」。注意：這和你熟悉的 PERT 圖（網圖）是兩回事，只是撞名——
B14: 這裡的 pert 指 Beta-PERT 機率分布。P6 是確定性工具，每個活動只有一個工期；QRA 補上的正是「工期會怎麼變動」。
B15: 本範本預設全部用 triangular（三角分布，業界標準起點），0 工期的里程碑自動設為 deterministic。留空匯入也會自動當 triangular。
... B21: ． Activity ID 不可重複；Predecessors 引用的 ID 必須存在。
B22: 樂觀係數（param_a = Duration ×） | C22: 0.9 | D22: 建議起步值
B23: 悲觀係數（param_b = Duration ×） | C23: 1.3 | D23: 右偏：延誤空間 > 提早空間
B25: 這些係數只是初始假設。正式分析請以 duration ranging workshop 的專家判斷逐活動覆寫 Activities 表的 param_a / param_b
B26: （覆寫＝把該格公式改成數值即可）。高風險活動（首次施作、許可審批、長交期設備）特別要加大 param_b。
